Rubriques,Titre,URL
Fables de La Fontaine,Le Lion et Le Rat + 6 Fables de La Fontaine | Avec Les P'tits z'Amis,https://www.youtube.com/watch?v=Bl8ucQ9OO1E&pp=ygUeZmFibGUgZGUgbGEgZm9udGFpbmUgY29tcHRpbmVz
Fables de La Fontaine,La Cigale et la Fourmi | Fable de La Fontaine | les P'tits z'Amis,https://www.youtube.com/watch?v=CmxRPaQ_AFw&pp=ygUeZmFibGUgZGUgbGEgZm9udGFpbmUgY29tcHRpbmVz
Fables de La Fontaine,Le Corbeau et le Renard | Fable de La Fontaine | les P'tits z'Amis,https://www.youtube.com/watch?v=STb_QERzEck&pp=ygUeZmFibGUgZGUgbGEgZm9udGFpbmUgY29tcHRpbmVz
Fables de La Fontaine,le Li√®vre et la Tortue | Fable de La Fontaine | les P'tits z'Amis,https://www.youtube.com/watch?v=GQx-1AKyCq0&pp=ygUeZmFibGUgZGUgbGEgZm9udGFpbmUgY29tcHRpbmVz
Fables de La Fontaine,Le Rat de Ville et le Rat des Champs | Fable de La Fontaine,https://www.youtube.com/watch?v=WlW7W92YUZI&pp=ygUeZmFibGUgZGUgbGEgZm9udGFpbmUgY29tcHRpbmVz
Fables de La Fontaine,Le Renard et la Cigogne | Fable de La Fontaine | les P'tits z'Amis,https://www.youtube.com/watch?v=sqApl_iNd6s&pp=ygUeZmFibGUgZGUgbGEgZm9udGFpbmUgY29tcHRpbmVz
Fables de La Fontaine,La Grenouille qui veut se Faire plus Grosse que le Boeuf,https://www.youtube.com/watch?v=MLf6EHayuQE&pp=ygUeZmFibGUgZGUgbGEgZm9udGFpbmUgY29tcHRpbmVz
Fables de La Fontaine,Le Corbeau et le Renard,https://www.youtube.com/watch?v=IPkxWKrHVg8&pp=ygUeZmFibGUgZGUgbGEgZm9udGFpbmUgY29tcHRpbmVz
Fables de La Fontaine,Le Lion et la Souris | Contes De F√©es Fran√ßais,https://www.youtube.com/watch?v=8lkPUEP0ZQ0&pp=ygUeZmFibGUgZGUgbGEgZm9udGFpbmUgY29tcHRpbmVz
Fables de La Fontaine,Le Loup et l'Agneau - Les Fables de La Fontaine,https://www.youtube.com/watch?v=WmZKb5WlR8g&pp=ygUeZmFibGUgZGUgbGEgZm9udGFpbmUgY29tcHRpbmVz
Fables de La Fontaine,Le corbeau et le renard - Fables de la fontaine en chansons,https://www.youtube.com/watch?v=mpmV06yhoew&pp=ygUeZmFibGUgZGUgbGEgZm9udGFpbmUgY29tcHRpbmVz
Fables de La Fontaine,Le Renard et la Cigogne + 4 comptines et chansons,https://www.youtube.com/watch?v=g3bewm6eDd8&pp=ygUeZmFibGUgZGUgbGEgZm9udGFpbmUgY29tcHRpbmVz
Fables de La Fontaine,2 Fables | Le loup et le Buffle + Le Cheval et l'√Çne,https://www.youtube.com/watch?v=wrvV_eSfeF8&pp=ygUeZmFibGUgZGUgbGEgZm9udGFpbmUgY29tcHRpbmVz
Fables de La Fontaine,Le Laboureur et ses Enfants - Par Sidney Oliver,https://www.youtube.com/watch?v=kk88EDqoZgo&pp=ygUeZmFibGUgZGUgbGEgZm9udGFpbmUgY29tcHRpbmVz
Fables de La Fontaine,La Grenouille | Conte pour Enfants | Les P'tits z'Amis,https://www.youtube.com/watch?v=Bp1xbwPGhZ0&pp=ygUeZmFibGUgZGUgbGEgZm9udGFpbmUgY29tcHRpbmVz
Fables de La Fontaine,Le Li√®vre et la Tortue - Fable de La Fontaine,https://www.youtube.com/watch?v=yk_mEzOq1i0&pp=ygUeZmFibGUgZGUgbGEgZm9udGFpbmUgY29tcHRpbmVz
Fables de La Fontaine,La Cigale et la Fourmi,https://www.youtube.com/watch?v=0qZi4VQapjE&pp=ygUeZmFibGUgZGUgbGEgZm9udGFpbmUgY29tcHRpbmVz
Fables de La Fontaine,Le Corbeau et le Renard de Jean de La Fontaine,https://www.youtube.com/watch?v=a40xYw7zPsA&pp=ygUeZmFibGUgZGUgbGEgZm9udGFpbmUgY29tcHRpbmVz
Fables de La Fontaine,La Cigale et la Fourmi - Fables de la Fontaine,https://www.youtube.com/watch?v=BYouPT_8uxY&pp=ygUeZmFibGUgZGUgbGEgZm9udGFpbmUgY29tcHRpbmVz
Comptines sur les √©motions et sentiments,Emotions et Sentiments,https://www.youtube.com/watch?v=lOlZSMHR5gI
Comptines sur les √©motions et sentiments,Les √©motions - Alain Le Lait,https://www.youtube.com/watch?v=jvB6ZAlorug
Comptines sur les √©motions et sentiments,Apprendre les √©motions en fran√ßais,https://www.youtube.com/watch?v=W80sHFFZq_c
Comptines sur les √©motions et sentiments,Petit Loup et ses √©motions - Des Comptines,https://www.youtube.com/watch?v=DTv8r2EaDAs
Comptines sur les √©motions et sentiments,Si Tu As D'la Joie Au C≈ìur (Version avec Paroles),https://www.youtube.com/watch?v=77ubN-KwM_Q
Comptines sur les √©motions et sentiments,Ecoutez-moi (Chanson sur les √©motions des enfants),https://www.youtube.com/watch?v=ltJBFA-ug3I
Comptines sur les √©motions et sentiments,Les √©motions : chanson mots langue des signes,https://www.youtube.com/watch?v=JEV52jcDDuE
Comptines sur les √©motions et sentiments,La Chanson Des Sentiments Et Des √âmotions | üòªüê®üê∞ü¶Å,https://www.youtube.com/watch?v=szdPGtkkHGQ
Comptines sur les √©motions et sentiments,How are you?,https://www.youtube.com/watch?v=fMR8Hr9Xby4
Comptines sur les √©motions et sentiments,Sur le pont des √©motions (chanson),https://www.youtube.com/watch?v=5PkDtcSFLXM
Comptines sur les √©motions et sentiments,DANSONS LES √âMOTIONS avec M√©lou - La col√®re,https://www.youtube.com/watch?v=RKnDommGm6k
Comptines sur les √©motions et sentiments,Les √©motions et sentiments,https://www.youtube.com/watch?v=ZCKyPzx2-Uc
Comptines sur les √©motions et sentiments,Mes emotions (comptine pour enfants),https://www.youtube.com/watch?v=omQK_ZC1AGc
Comptines sur les √©motions et sentiments,Les couleurs des √©motions,https://www.youtube.com/watch?v=SIHDq7Ci5Gw
Comptines sur les √©motions et sentiments,La Chanson Des Sentiments Et Des √âmotions üòÅüò¢,https://www.youtube.com/watch?v=Um9lrF6M_9Y
Comptines sur les √©motions et sentiments,La chanson des √©motions,https://www.youtube.com/watch?v=Dr14CUTp8Bg
Comptines sur les √©motions et sentiments,Abeille Beausoleil "La ronde des √©motions",https://www.youtube.com/watch?v=rI2aJlMcUkI
Comptines sur les √©motions et sentiments,La comptine des √©motions,https://www.youtube.com/watch?v=XfV6ETXNJEQ
Comptines sur les √©motions et sentiments,If You're Happy,https://www.youtube.com/watch?v=l4WNrvVjiTw
Comptines sur les √©motions et sentiments,B√©b√© a bien du chagrin,https://www.youtube.com/watch?v=zRtsr_FKbfw
Comptines Rimes et phon√©tique,Phon√©tique chanson | rimes en fran√ßais,https://www.youtube.com/watch?v=9vWTH3QaHh0
Comptines Rimes et phon√©tique,Phon√©tique chanson | rimes,https://www.youtube.com/watch?v=wK2EUd6c1Rw
Comptines Rimes et phon√©tique,Steve Waring - ABC - 10 comptines en anglais,https://www.youtube.com/watch?v=HMUGNNnIdZk
Comptines Rimes et phon√©tique,La chanson des voyelles - L'alphabet,https://www.youtube.com/watch?v=_h_TBt7UcnY
Comptines Rimes et phon√©tique,Phon√©tique chanson | √©ducation,https://www.youtube.com/watch?v=ylJyTek6yz8
Comptines Rimes et phon√©tique,si vous √™tes heureux et vous le savez,https://www.youtube.com/watch?v=rpix3t5TLZw
Comptines Rimes et phon√©tique,C‚Äôest quoi ce bruit-l√† ?,https://www.youtube.com/watch?v=j8AbRPwRT2E
Comptines Rimes et phon√©tique,Chanson d'abc | rime pour enfants,https://www.youtube.com/watch?v=KO-EzEtzfFU
Comptines Rimes et phon√©tique,Chanson phon√©tique + recueil de comptines,https://www.youtube.com/watch?v=6PN_YJ9oM7c
Comptines Rimes et phon√©tique,Trois petits chatons / Les chatons riment,https://www.youtube.com/watch?v=OiWP-pvtH-g
Comptines Rimes et phon√©tique,Chanson de abc | apprendre alphabet,https://www.youtube.com/watch?v=HxGtoVgIlFg
Comptines Rimes et phon√©tique,Chanson phon√©tique,https://www.youtube.com/watch?v=DBVn-TkoVfE
Comptines Rimes et phon√©tique,chanson abc pour enfants,https://www.youtube.com/watch?v=R_APvXrv4FY
Comptines Rimes et phon√©tique,Mes cinq sens | | Comptines avec B√©b√© Louis,https://www.youtube.com/watch?v=SFJ6jpl56aw
Comptines Rimes et phon√©tique,kaboochi d√©fi de danse,https://www.youtube.com/watch?v=_utoYeB4pfs
Comptines Rimes et phon√©tique,C‚Äôest l‚Äôheure du dodo | Comptines et berceuses,https://www.youtube.com/watch?v=7rN4h8H-X_s
Comptines Rimes et phon√©tique,La chanson de l'alphabet,https://www.youtube.com/watch?v=mydYJMq3PV0
Comptines Rimes et phon√©tique,se lever le matin,https://www.youtube.com/watch?v=U4e9W3v3tIM
Comptines Rimes et phon√©tique,Balade en bagnole,https://www.youtube.com/watch?v=jF_J6jJvXtA
Comptines Rimes et phon√©tique,A l'aide, il y a une mouffette !,https://www.youtube.com/watch?v=rl1BnBlw0rY
Comptines sur les couleurs,La chanson des couleurs,https://www.youtube.com/watch?v=zduapTwsSwA
Comptines sur les couleurs,Le toboggan des couleurs pour les enfants,https://www.youtube.com/watch?v=NM44__qAlYU
Comptines sur les couleurs,Les couleurs avec des Excavatrices, des camions et des Balles,https://www.youtube.com/watch?v=pllVpHTCLcc
Comptines sur les couleurs,‚ô´ La Chanson des Couleurs,https://www.youtube.com/watch?v=fZR66TjjrDc
Comptines sur les couleurs,French colors - Couleurs - Arc en ciel,https://www.youtube.com/watch?v=-4kNeFGBAcw
Comptines sur les couleurs,Colors Cars Children French,https://www.youtube.com/watch?v=K2SCc87-68A
Comptines sur les couleurs,Quelle est ta couleur pr√©f√©r√©e ?,https://www.youtube.com/watch?v=7KeBrPxQQfk
Comptines sur les couleurs,Couleurs - "Les Oiseaux du Paradis",https://www.youtube.com/watch?v=m50U33brThk
Comptines sur les couleurs,Oeufs surprises pour apprendre les couleurs,https://www.youtube.com/watch?v=0fgLnwyYuSc
Comptines sur les couleurs,La chanson des couleurs üåà Comptine b√©b√©,https://www.youtube.com/watch?v=Lm0GKjK1D_4
Comptines sur les couleurs,Les Couleurs | B√©b√© et Enfants,https://www.youtube.com/watch?v=QQX3Z7zVztg
Comptines sur les couleurs,Apprendre les couleurs avec B√©b√© Louis,https://www.youtube.com/watch?v=lbaKHyQSVJ0
Comptines sur les couleurs,Apprendre les COULEURS en fran√ßais,https://www.youtube.com/watch?v=9EzOoodXvkc
Comptines sur les couleurs,Chenille Dessin et Coloriage pour les Enfants,https://www.youtube.com/watch?v=8UKcGAvylck
Comptines sur les couleurs,Les couleurs - La chanson des Titounis,https://www.youtube.com/watch?v=nXJxqNK337c
Comptines sur les couleurs,Les couleurs avec Mimi Soleil,https://www.youtube.com/watch?v=CpqvNjCIh9M
Comptines sur les couleurs,La semaine des couleurs,https://www.youtube.com/watch?v=jBzYTLIMb0c
Comptines sur les couleurs,Le Train des Couleurs - La Famille Doigts,https://www.youtube.com/watch?v=K8mP1CWLzh8
Comptines sur les couleurs,Musica Cinco Macaquinhos, Chanson Cinq petits singes,https://www.youtube.com/watch?v=OzXbNAJtQCk
Comptines sur la nature,Chanson sur la Nature | Comptines et Chansons pour B√©b√©s,https://www.youtube.com/watch?v=6wpRYMogkyU
Comptines sur la nature,Chanson sur la Nature 2,https://www.youtube.com/watch?v=qGmhoDSF3XE
Comptines sur la nature,Vole, vole, vole papillon,https://www.youtube.com/watch?v=1kq88XtHOEA
Comptines sur la nature,Petit escargot - Comptines pour b√©b√©,https://www.youtube.com/watch?v=HGA-KW54K1I
Comptines sur la nature,Berceuse pour B√©b√© et Bruits de la Nature,https://www.youtube.com/watch?v=0nfT9LMG5cQ
Comptines sur la nature,TR√àS DOUCE BERCEUSE Pour Endormir B√©b√© Facilement,https://www.youtube.com/watch?v=RXW6FI6Vrog
Comptines sur la nature,Chanson sur la Nature,https://www.youtube.com/watch?v=P-ZDJvHCeug
Comptines sur la nature,Dans Sa Maison Un Grand Cerf ü¶å Chanson Pour B√©b√©,https://www.youtube.com/watch?v=_Jnik0rUwT0
Comptines sur la nature,Madame Nature,https://www.youtube.com/watch?v=VvWlNuiHyPU
Comptines sur la nature,CHANSON: LA  BELLE NATURE , PAR DES ENFANTS,https://www.youtube.com/watch?v=MS5NvqAGmmM
Comptines sur la nature,chanson la pollution ce n'est pas bon,https://www.youtube.com/watch?v=gEjFmlVcQ4k
Comptines sur la nature,Les comptines de Pauline - Sauve la plan√®te !,https://www.youtube.com/watch?v=khswOWQnajw
Comptines sur la nature,Anny Versini, Jean-Marc Versini - La Nature est en col√®re,https://www.youtube.com/watch?v=M1fARZ4XZto
Comptines sur la nature,Henri D√®s chante - Ma for√™t,https://www.youtube.com/watch?v=zq0eRWXaxnE
Comptines sur la nature,Petite chenille, comptine pour les petits,https://www.youtube.com/watch?v=QXIW2jArOaE
Comptines de la famille,Comptine de la famille / Song for kids/ pr√©senter la petite famille,https://www.youtube.com/watch?v=ZlF_QS2fOOE
Comptines de la famille,Toute la famille de Pierre Loz√®re,https://www.youtube.com/watch?v=OEbuAyKGeh0
Comptines de la famille,La famille Tortue,https://www.youtube.com/watch?v=k72S8XYqi0c
Comptines de la famille,Ma famille (Vocabulaire de la famille) - alain le lait,https://www.youtube.com/watch?v=MFk9YmJv-jc
Comptines de la famille,La Famille des Doigts,https://www.youtube.com/watch?v=GhEYnipKrqw
Comptines de la famille,La Famille Doigt,https://www.youtube.com/watch?v=LZnsydbaCFY
Comptines de la famille,Famille Famille (Comptine sans musique),https://www.youtube.com/watch?v=ksW3SMRsuL0
Comptines de la famille,La Famille Doigt + Comptines sur les animaux,https://www.youtube.com/watch?v=1rSwqmPv_Pc
Comptines de la famille,Toute la famille,https://www.youtube.com/watch?v=5Yl_-nxsbiI
Comptines de la famille,Bonjour voici ma famille,https://www.youtube.com/watch?v=2-pGo1cG048
Comptines de la famille,La famille Madrigal,https://www.youtube.com/watch?v=AS_8aArpYw8
Comptines de la famille,La famille Tortue - Comptines √† gestes pour b√©b√©,https://www.youtube.com/watch?v=fnKaQjw24qw
Comptines de la famille,Ma famille song,https://www.youtube.com/watch?v=kLMdxx4UiZM
Comptines de la famille,LA FAMILLE DOIGT,https://www.youtube.com/watch?v=PxYVI9Gmqa4
Comptines de la famille,JE SUIS MOI | Chansons pour enfants,https://www.youtube.com/watch?v=uEZKxTzuX5s
Comptines de la famille,La Famille Tortue,https://www.youtube.com/watch?v=SR6rlXT67wY
Comptines de la famille,Ma famille (Chanson sur la famille) ‚íπ‚ìî‚ì•‚ìê,https://www.youtube.com/watch?v=-Rlgsu1hd3s
Comptines de la famille,French for kids : La famille : vocabulaire,https://www.youtube.com/watch?v=vfckRa3P7wg
Comptines de la famille,La famille tortue - Comptine pour enfant,https://www.youtube.com/watch?v=kGIQQC14-2U
Comptines sur les formes et couleurs,Apprendre les formes - Dans ma maison, https://www.youtube.com/watch?v=jiwieX14Ivg
Comptines sur les formes et couleurs,Apprendre les Formes (+ Voitures + Bus + Police ...),https://www.youtube.com/watch?v=QPQ3_47Gf-0
Comptines sur les formes et couleurs,les formes chanson | les formes g√©om√©triques,https://www.youtube.com/watch?v=ys_kgelzzJE
Comptines sur les formes et couleurs,Apprendre les Formes en fran√ßais,https://www.youtube.com/watch?v=NuFUAfxoyRs
Comptines sur les formes et couleurs,Les formes g√©om√©triques pour les enfants,https://www.youtube.com/watch?v=d-T5tmv_87g
Comptines sur les formes et couleurs,Jelly Food Titounis | Apprendre les FORMES et les COULEURShttps://www.youtube.com/watch?v=NpHmm5Gly_E
Comptines sur les formes et couleurs,La chanson des formes,https://www.youtube.com/watch?v=4H87uaQ7dRo
Comptines sur les formes et couleurs,Les couleurs avec Mimi Soleil + les formes et comptines,https://www.youtube.com/watch?v=CpqvNjCIh9M
Comptines sur les formes et couleurs,Apprendre les fruits en fran√ßais,https://www.youtube.com/watch?v=KOYONV1GjrI
Comptines sur les formes et couleurs,La chanson de l'alphabet,https://www.youtube.com/watch?v=YkFXGlHCn_o
Comptines sur les formes et couleurs,Le toboggan des couleurs,https://www.youtube.com/watch?v=NM44__qAlYU
Comptines sur les formes et couleurs,Apprendre les plats, les aliments, les l√©gumes, et les fruits,https://www.youtube.com/watch?v=f6lfsIfEK9A
Comptines sur les formes et couleurs,Aventure Bob train avec des formes,https://www.youtube.com/watch?v=gRfWhs-qdfk
Comptines sur les formes et couleurs,Chanson des plan√®tes bob train,https://www.youtube.com/watch?v=878uymTzrOU
Comptines sur les formes et couleurs,Apprendre en s'amusant,https://www.youtube.com/watch?v=mb-5sbzU34U
Comptines sur les formes et couleurs,Apprendre les formes √† vos enfants,https://www.youtube.com/watch?v=_xb_QzaqxmA
Comptines sur les formes et couleurs,bob le train | aventure des alphabets,https://www.youtube.com/watch?v=itVqQbgT3P4
Comptines sur les formes et couleurs,Comp√©tition des couleurs - Oeufs surprises pour apprendre les couleurs,https://www.youtube.com/watch?v=0fgLnwyYuSc
Comptines sur les formes et couleurs,‚ô´ La Chanson des Couleurs ‚ô´,https://www.youtube.com/watch?v=fZR66TjjrDc
Comptines sur les formes et couleurs,La chanson des formes,https://www.youtube.com/watch?v=05Iod28E3h8
Berceuses,Berceuse pour B√©b√© 2 - 4 heures - Musique Douce pour B√©b√©,https://www.youtube.com/watch?v=aa-wRmN5cJ4
Berceuses,Berceuses et Musiques douces,https://www.youtube.com/watch?v=1Lv9kHM8XYA
Berceuses,Berceuse pour B√©b√© Poisson Animation ‚ô´ ‚ù§,https://www.youtube.com/watch?v=-a4CDFyRCaM/
Berceuses,Berceuse pour B√©b√© - 2 heures - Musique Douce,https://www.youtube.com/watch?v=PetRIP5mn-M
Berceuses,Berceuse pour B√©b√© 3 - Musique Relaxante,https://www.youtube.com/watch?v=pRrxOsNL_aE
Berceuses,B√©b√© et Relaxant Sir√®ne Animation üéµ ‚ù§Ô∏è,https://www.youtube.com/watch?v=w05mrIwDaRk
Berceuses,‚ô´‚ô´ 4 Heures - Berceuse pour B√©b√© ‚ô´‚ô´,https://www.youtube.com/watch?v=0foC_nPmjz4
Berceuses,Berceuses pour B√©b√© et Douce Bruit de la Mer ‚ô• ‚ô´,https://www.youtube.com/watch?v=CGgr1nGNvLo 
Berceuses,Petite √©toile ‚≠ê Berceuse pour b√©b√©,https://www.youtube.com/watch?v=ha5Jej9sD3Q
Berceuses,Pour b√©b√© : Brille Brille Petite √âtoile,https://www.youtube.com/watch?v=s-V7mFg8hHI
Berceuses,Au clair de la lune - Comptines douces,https://www.youtube.com/watch?v=3VXKlKc7vJs 
Berceuses,3 Heures Berceuse B√©b√©-dodo,https://www.youtube.com/watch?v=MRUYeELpMIQ
Berceuses,Tr√®s belle Berceuse de No√´l,https://www.youtube.com/watch?v=u2mXmtooaf8
Berceuses,Les Berceuses (30min) Titounis,https://www.youtube.com/watch?v=b7q7ICrMyi4
Berceuses,Berceuse Mozart pour B√©b√©s Vol.84,https://www.youtube.com/watch?v=BQkmUHPC2q0 
Berceuses,Berceuse et douce musique pour endormir,https://www.youtube.com/watch?v=3xgZE-fjzXs
Berceuses,Berceuse pour B√©b√© et Apaisant Bruit de Rivi√®re,https://www.youtube.com/watch?v=GG2JzBg21Xo
Berceuses,Berceuse pour B√©b√© ‚ô´‚ù§,https://www.youtube.com/watch?v=Cbv92SJbWLk
Berceuses,2 Heures Berceuse B√©b√©-dodo,https://www.youtube.com/watch?v=75gW7m9hnIw
Berceuses,B√©b√© pour Dormir - Avec Animation,https://www.youtube.com/watch?v=2jgCLcWx5V8
Berceuses,Berceuse Mozart pour B√©b√©s Vol.81,https://www.youtube.com/watch?v=yme7eXoUoYU
Berceuses,Brille Petite Etoile,https://www.youtube.com/watch?v=xX6vhwpZpkE
Berceuses,Musique pour B√©b√© - Et Douce,https://www.youtube.com/watch?v=HKy2NfoBLO0
Berceuses,Berceuse pour B√©b√© et Bruits de la Nature,https://www.youtube.com/watch?v=0nfT9LMG5cQ
Berceuses,‚ô• ‚ô´ Berceuse pour B√©b√© et Nature,https://www.youtube.com/watch?v=CvolhXd73eI
Berceuses,TR√àS DOUCE BERCEUSE Pour Endormir B√©b√©,https://www.youtube.com/watch?v=RXW6FI6Vrog
Berceuses,La Plus Apaisante Berceuse,https://www.youtube.com/watch?v=dwkDKdyb8qk
Berceuses,Berceuse: Bonne Nuit mon B√©b√©,https://www.youtube.com/watch?v=gpq7QBy85gw
Berceuses,Mes premi√®res Berceuses (Classic Orchestral),https://www.youtube.com/watch?v=vje6pswUtZE
Comptines classiques,Comptines Classiques - Les Patapons,https://www.youtube.com/watch?v=s7UkPpJMhWc
Comptines classiques,Compilation de comptines et chansons pour les petits,https://www.youtube.com/watch?v=jCQNlLmLkaA
Comptines classiques,‚ô´ Compilation de chansons et comptines pour b√©b√©,https://www.youtube.com/watch?v=JeIsqvAFqkU
Comptines classiques,Comptines et chansons traditionnelles fran√ßaises - Titounis,https://www.youtube.com/watch?v=J6c5Ze8znOs
Comptines classiques,50min de Comptines avec gestes et Chansons pour b√©b√©,https://www.youtube.com/watch?v=PPtZ0bqBrEc
Comptines classiques,Comptines et chansons classiques  - Titounis,https://www.youtube.com/watch?v=t9mHEP4cPJU
Comptines classiques,Pomme de Reinette et Pomme d'Api + autres Comptines,https://www.youtube.com/watch?v=jroCyoJDj0E
Comptines classiques,Ah les crocodiles,https://www.youtube.com/watch?v=1T9b0cax6s4
Comptines classiques,Comptines des B√©b√©s - Les Patapons,https://www.youtube.com/watch?v=i2tVT7g_xfI
Comptines classiques,Comptines pour les Maternelles - Les Patapons,https://www.youtube.com/watch?v=mobgX7GV8OE
Comptines classiques,Chansons Premier √Çge - Les Patapons,https://www.youtube.com/watch?v=6qeebzawRAA
Comptines classiques,Compilation Chansons enfantines de France,https://www.youtube.com/watch?v=b0fi1BM2_b0
Comptines classiques,1 Heure de Comptines pour les Enfants - Promenons-Nous Dans Les Bois,https://www.youtube.com/watch?v=QwiC52DhA54
Comptines classiques,‚ô´ Compilation de chansons et comptines pour b√©b√©,https://www.youtube.com/watch?v=TtzPTCGrMO0
Comptines classiques,Compilation de chansons et comptines pour b√©b√© en fran√ßais,https://www.youtube.com/watch?v=RqwunfE8iuA
Comptines classiques,Sur le pont d'Avignon (chanson avec paroles),https://www.youtube.com/watch?v=iLvVZny4HzQ
Comptines classiques,Comptines et chansons pour enfants,https://www.youtube.com/watch?v=WjhQvv9kexk
Comptines classiques,1H de Comptines avec paroles pour b√©b√© (Au clair de la lune,Une souris verte...),https://www.youtube.com/watch?v=78AHVUfeZr4
Comptines classiques,Chansons des Maternelles - Les Patapons,https://www.youtube.com/watch?v=Rhn5MwrDGZ4
Comptines classiques,Les Meilleures Comptines - Les Patapons,https://www.youtube.com/watch?v=PkdBZ5NrdbI
Comptines sur les animaux,Sons d'animaux pour b√©b√© | Les animaux pour enfants | Chansons pour b√©b√©,https://www.youtube.com/watch?v=6BLZezhhK04
Comptines sur les animaux,Les animaux de la ferme - Comptines et chansons titounis,https://www.youtube.com/watch?v=RuWfyjcsV4Y
Comptines sur les animaux,T√™te √©paules genoux pieds | Chansons pour B√©b√©s,https://www.youtube.com/watch?v=H7jsksRiw50
Comptines sur les animaux,Les animaux pour b√©b√© | son des animaux,https://www.youtube.com/watch?v=CC-eYnWB1u4
Comptines sur les animaux,Chansons d'Animaux | Pinkfong, B√©b√© Requin,https://www.youtube.com/watch?v=q4yW2K6_hoQ
Comptines sur les animaux,Les animaux - Comptines et chansons pour apprendre le cris des animaux - Titounis,https://www.youtube.com/watch?v=t1s4lgC7xNo
Comptines sur les animaux,Les sons des animaux en chanson ! | Apprendre les Animaux,https://www.youtube.com/watch?v=40e6_35CnPU
Comptines sur les animaux,Comptines des Animaux - Les Patapons,https://www.youtube.com/watch?v=PlNTdAP840o
Comptines sur les animaux,B√©b√© Louis et les cris des animaux! Comptines avec B√©b√© Louis,https://www.youtube.com/watch?v=4t6Ld90Cnds
Comptines sur les animaux,Comptines des Animaux | Comptines Titounis,https://www.youtube.com/watch?v=N8JjYJNLJFc
Comptines sur les animaux,1 Heure de Comptines pour les Enfants - Promenons-Nous Dans Les Bois - Le Monde des Zibous,https://www.youtube.com/watch?v=QwiC52DhA54
Comptines sur les animaux,Ah les crocodiles,https://www.youtube.com/watch?v=1T9b0cax6s4
Comptines sur les animaux,ü¶íPinkfong Chansons d'Animaux | +Comptines,https://www.youtube.com/watch?v=mS5lhQGHagU
Comptines sur les animaux,50min de Comptines avec gestes et Chansons pour b√©b√© (Petit escargot...),https://www.youtube.com/watch?v=PPtZ0bqBrEc
Comptines sur les animaux,Comptines √† Gestes - Animaux - B√©b√© Enfants,https://www.youtube.com/watch?v=V6Tn5vPdEpg
Comptines sur les animaux,Les animaux de la ferme | Comptines avec B√©b√© Louis | Little Angel Fran√ßais,https://www.youtube.com/watch?v=JqSiJZQ4lEM
Comptines sur les animaux,Chansons des Animaux - Les Patapons,https://www.youtube.com/watch?v=KhNxq3a2_p4
Comptines sur les animaux,Chansons pour b√©b√© | Les Animaux | Comptines Titounis,https://www.youtube.com/watch?v=pZBhUkUmves
Comptines sur les animaux,Soignons les bobos des animaux | Comptines pour enfants | Little Angel Fran√ßais,https://www.youtube.com/watch?v=LJB9g3mZFI8
Comptines sur les animaux,Comptines des animaux de la ferme - Chansons pour enfants,https://www.youtube.com/watch?v=EOA9sBwkbAg
Comptines pour apprendre √† compter,Les chiffres en chanson - Comptines pour apprendre √† compter aux b√©b√©s - Titounis,https://www.youtube.com/watch?v=IQY_rk0o29Y
Comptines pour apprendre √† compter,Apprendre √† compter avec les Titounis !,https://www.youtube.com/watch?v=zqPs8uKpsRQ
Comptines pour apprendre √† compter,J'apprends √† compter avec B√©b√© Louis | Comptine √âducative,https://www.youtube.com/watch?v=1H47VtVQLDM
Comptines pour apprendre √† compter,La comptine des chiffres - Les Titounis,https://www.youtube.com/watch?v=fRageyEvFVA
Comptines pour apprendre √† compter,Apprendre les chiffres en chanson | Comptines √âducatives,https://www.youtube.com/watch?v=hEymwDeKBII
Comptines pour apprendre √† compter,Comptines pour APPRENDRE A COMPTER en fran√ßais en maternelle,https://www.youtube.com/watch?v=8Tzjeun7H8g,https://www.youtube.com/watch?v=sf_9GL-gaXM
Comptines pour apprendre √† compter,La chanson des chiffres. Comptez de 1 √† 10 avec ce dessin anim√©,https://www.youtube.com/watch?v=zXrBrwLQnQk
Comptines pour apprendre √† compter,Versini - Pour t'apprendre √† bien compter,https://www.youtube.com/watch?v=VH8J-8sP8nw
Comptines pour apprendre √† compter,Compter de 1 √† 10,https://www.youtube.com/watch?v=D28DAY8W94g
Comptines pour apprendre √† compter,Apprendre en s'amusant - Chansons pour Maternelles, https://www.youtube.com/watch?v=mb-5sbzU34U
Comptines pour apprendre √† compter,La chanson de l'alphabet - Comptines pour apprendre - M√©li et Touni,https://www.youtube.com/watch?v=mydYJMq3PV0
Comptines pour apprendre √† compter,SI LE LOUP VOULAIT APPRENDRE A COMPTER comptine pour b√©b√© & maternelle,https://www.youtube.com/watch?v=Jw9r9tKGmZo
Comptines pour apprendre √† compter,Apprendre √† compter jusqu'√† 5 en fran√ßais - Maternelle (Learn French),https://www.youtube.com/watch?v=dP8ZDfkd0ks
Comptines pour apprendre √† compter,‚ô´ FRENCH Numbers Song 1-20 ‚ô´ Compter jusqu'√† 20 ‚ô´ Comptine des Chiffres ‚ô´,https://www.youtube.com/watch?v=dhj9SqrIZqI
Comptines pour apprendre √† compter,Petite section. Math√©matiques. La comptine num√©rique. Confinement. 29 mars 2020.,https://www.youtube.com/watch?v=4xTmvioUmbk
Comptines pour apprendre √† compter,Apprendre aux enfants √† Compter jusqu'√† 10 (Learn to count up numbers to 10),https://www.youtube.com/watch?v=4O_cZpU9ZB4
Comptines pour apprendre √† compter,Apprendre √† compter jusqu'√† 10 en fran√ßais - maternelle,https://www.youtube.com/watch?v=m1GDuv2R43s
Comptines pour apprendre √† compter,12345 J‚Äôai p√™ch√© un p‚Äôtit poisson üêü Comptine pour apprendre √† compter,https://www.youtube.com/watch?v=EQDx-GNYWRQ
Comptines pour apprendre √† compter,Le Rap 123 - Apprendre √† compter jusqu'√† 10 - Comptine hip hop pour maternelles,https://www.youtube.com/watch?v=TeHGKWkOZqo
Section Adulte,Our Dream - Sovietwave Mix,https://www.youtube.com/watch?v=DMoCM_FgLP8
Section Adulte,Manu au Congo,https://www.youtube.com/watch?v=3WERSRsa8Dc
Section Adulte,Jean-Marie Bigard - Complotiste,https://www.youtube.com/watch?v=XrVp6hlePfk
Section Adulte,KALASH KALASH,https://www.youtube.com/watch?v=bn6XHW2cNfI
Section Adulte,DRAGON BLANC,https://www.youtube.com/watch?v=mCwxUWKV8fg
Comptines de la rentr√©e,"Comptines et chansons de d√©but d'ann√©e PS ,",https://www.youtube.com/watch?v=RseSU-H2vEA
Comptines de la rentr√©e,Les comptines de Pauline - La rentr√©e,https://www.youtube.com/watch?v=iFcdJ1SsrI4
Comptines de la rentr√©e,Pierre Loz√®re   C'est la rentr√©e,https://www.youtube.com/watch?v=GasNwE2sV1c
Comptines de la rentr√©e,"VIVE LA RENTR√âE ! Frappe, frappe, frappe, doigts crois√©s par Agathe MD",https://www.youtube.com/watch?v=5baAz7BaAjY
Comptines de la rentr√©e,"C'est la rentr√©e, Chanson",https://www.youtube.com/watch?v=sVL1KWn3nrY
Comptines de la rentr√©e,chanson de la rentr√©e scolaire 2023 en fran√ßais -maternelle-,https://www.youtube.com/watch?v=v9rItpRUh_M
Comptines de la rentr√©e,"Anny Versini, Jean-Marc Versini - C'est la rentr√©e des classes (Clip officiel)",https://www.youtube.com/watch?v=tv2AbXW6UhQ
Comptines de la rentr√©e,La chanson de l'√©cole,https://www.youtube.com/watch?v=hzu1jElAmVQ
Comptines de la rentr√©e,1 Heure de Comptines pour les Enfants - Promenons-Nous Dans Les Bois - Le Monde des Zibous,https://www.youtube.com/watch?v=QwiC52DhA54
Comptines de la rentr√©e,"LA RENTR√âE: PR√äTS, PARTEZ! Comptines S√©n√©gal et Congo pour maternelles",https://www.youtube.com/watch?v=6Vh-3Z54DSY
Comptines de la rentr√©e,‚≠êÔ∏èLa rentr√©e ! Comptine de Sylvie Poillev√©,https://www.youtube.com/watch?v=X92Gl2zwIrc
Comptines de la rentr√©e,Comptine de la rentr√©e en maternelle ‚ÄúDr√¥le de semaine‚Äù avec Ad√©lid√©lo,https://www.youtube.com/watch?v=qNyXdAPE52k
Comptines de la rentr√©e,La rentr√©e - La comptine de Tiloulou,https://www.youtube.com/watch?v=_OCrnnsUhy8
Comptines de la rentr√©e,La rentr√©e; comptine anim√©e,https://www.youtube.com/watch?v=Z1XnmiK7fJA
Comptines de la rentr√©e,Toc toc toc Tortue - Comptine - Jeu de doigts,https://www.youtube.com/watch?v=WAZ1J9fy4Cg
Comptines de la rentr√©e,Les Titounis √† l'√©cole maternelle - Dessin anim√© et comptines pour la rentr√©e des enfants - Titounis,https://www.youtube.com/watch?v=M4phO17uOtE
Comptines de la rentr√©e,Le jour de la rentr√©e chanson interpr√©t√©e par Paroles de Farfelus,https://www.youtube.com/watch?v=cgI8_z6Vq7Q
Comptines de la rentr√©e,La rentr√©e des classes | CoComelon en Fran√ßais | Chansons pour b√©b√©s,https://www.youtube.com/watch?v=AjhwlPL-Nj8
Comptines de la rentr√©e,Chanson de la rentr√©e scolaire - Math&L√©o,https://www.youtube.com/watch?v=dL9wY6LHJnE
Comptines de la rentr√©e,"Salut, salut, sois bienvenu || Chansons pour enfants",https://www.youtube.com/watch?v=7dHhWa04cls
Comptines des saisons,Comptines de l'Automne - Les Patapons,https://www.youtube.com/watch?v=GwDznxUbboE
Comptines des saisons,"Comptine ""C'est l'automne""",https://www.youtube.com/watch?v=ik-T_Wcy1CM
Comptines des saisons,AUTOMNE | Chansons pour enfants | Les comptines | Minidisco,https://www.youtube.com/watch?v=CYtTYZ5MsNs
Comptines des saisons,‚≠êÔ∏èPETITE SECTION - les comptines et chansons de l‚Äôautomne,https://www.youtube.com/watch?v=O09wDHkfUOM
Comptines des saisons,L'automne grelotte - Chantal Abraham,https://www.youtube.com/watch?v=_qFJnF8c6PA
Comptines des saisons,C'est l'Automne,https://www.youtube.com/watch?v=p22_OtA_7rk
Comptines des saisons,Chanson : L'automne est arriv√©,https://www.youtube.com/watch?v=3dJ4E222lEE
Comptines des saisons,L'automne est l√† de Jean Ren√©  comptine maternelle,https://www.youtube.com/watch?v=4jIc9PmrEkI
Comptines des saisons,L'automne qui tourbillonne chanson interpr√©t√©e par Paroles de Farfelus,https://www.youtube.com/watch?v=07fb3wWKOEU
Comptines des saisons,SI LE LOUP AIMAIT L'AUTOMNE comptine pour b√©b√© & maternelle,https://www.youtube.com/watch?v=BggsToLZCNQ
Comptines des saisons,AUTOMNE | Chansons pour enfants | Les comptines | Minidisco,https://www.youtube.com/watch?v=E8ucf63Wa14
Comptines des saisons,Chanson : La valse de l'automne,https://www.youtube.com/watch?v=K5C40o6ZwPA
Comptines des saisons,Les saisons (comptine √† gestes avec paroles) ‚íπ‚ìî‚ì•‚ìê Chanson b√©b√©s,https://www.youtube.com/watch?v=-dYm2Q2Yhp8
Comptines des saisons,La chanson de l'automne,https://www.youtube.com/watch?v=JA7dLf-R4CQ
Comptines des saisons,"COMPTINE ""C'EST L'AUTOMNE"" üêøÔ∏èüçÅüçÇ AUDREY UTERS [HD]",https://www.youtube.com/watch?v=dHqWxwnNnHU
Comptines des saisons,Comptine - Les Couleurs de l‚ÄôAutomne,https://www.youtube.com/watch?v=FoZV53bkg2w
Comptines des saisons,Colchiques dans les pr√©s,https://www.youtube.com/watch?v=F4yqjY4DdX8
Comptines des saisons,Pomme de reinette et pomme d'api,https://www.youtube.com/watch?v=pwGR7vpQVCo
Comptines des saisons,Chanson pour l'automne - comptine de saison,https://www.youtube.com/watch?v=-EUBcdTfhVk
Comptines des saisons,Comptine - Petite feuille,https://www.youtube.com/watch?v=OeoqVAq_Akk
Comptines des saisons,EN √âT√â | Chansons pour enfants | Les comptines | Minidisco,https://www.youtube.com/watch?v=H3yfGwuS7OA
Comptines des saisons,Comptines d'√ât√© - Les Patapons,https://www.youtube.com/watch?v=oagRtbPXGKE
Comptines des saisons,1 Heure de Comptines pour les Enfants - Promenons-Nous Dans Les Bois - Le Monde des Zibous,https://www.youtube.com/watch?v=QwiC52DhA54
Comptines des saisons,Les vacances d'√©t√© - Comptine pour enfants,https://www.youtube.com/watch?v=oF-JhcBQN4I
Comptines des saisons,C'EST L'√âT√â TAPE DES PIEDS -  Comptines africaines pour maternelles,https://www.youtube.com/watch?v=xoXbukXvJIA
Comptines des saisons,Saisons en chanson! - √âT√â,https://www.youtube.com/watch?v=S9cJE1y0-eg
Comptines des saisons,Chanson de l'√©t√© üåû √áa y'est c'est l'√©t√© üå¥chanson pour enfants I festif üéâ,https://www.youtube.com/watch?v=unGEMrzl30k
Comptines des saisons,Chanson : Quand c'est l'√©t√©,https://www.youtube.com/watch?v=aO9gFPgJqeM
Comptines des saisons,Les Vacances d'√©t√© - Comptines Francaises (45min),https://www.youtube.com/watch?v=1H_wb-9Nm3I
Comptines des saisons,Chansons des Maternelles - Les Patapons,https://www.youtube.com/watch?v=Rhn5MwrDGZ4
Comptines des saisons,C'est l'√ât√©,https://www.youtube.com/watch?v=3i-or4CbMSk
Comptines des saisons,Chanson pour les vacances (C'est l'√ât√©) - Math&L√©o,https://www.youtube.com/watch?v=shcuPyOO-qE
Comptines des saisons,"50min de Comptines avec gestes et Chansons pour b√©b√© (Petit escargot, Alouette, Pirouette ...)",https://www.youtube.com/watch?v=PPtZ0bqBrEc
Comptines des saisons,Les vacances d'√©t√© | Chanson Plage | Titounis,https://www.youtube.com/watch?v=D4Y4XLi-C7w
Comptines des saisons,"L‚Äô√©t√© - ""Les Oiseaux du Paradis"" B√©b√©",https://www.youtube.com/watch?v=jYSKY_-r1ak
Comptines des saisons,"Vole, vole, vole papillon - Comptine avec gestes pour enfants et b√©b√©s (avec les paroles)",https://www.youtube.com/watch?v=1kq88XtHOEA
Comptines des saisons,Les Vacances - Chansons et Musiques - Enfants,https://www.youtube.com/watch?v=4n0C1x88_Jk
Comptines des saisons,Comptines pour les Maternelles - Les Patapons,https://www.youtube.com/watch?v=mobgX7GV8OE
Comptines des saisons,L'hiver,https://www.youtube.com/watch?v=98Tklwgk2CU
Comptines des saisons,Chansons de l'Hiver - Les Patapons,https://www.youtube.com/watch?v=ZtuMRUs8nxo
Comptines des saisons,Chanson pour les enfants l'hiver ‚òÉÔ∏è  || No√´l üéÑ || Paroles et illustrations,https://www.youtube.com/watch?v=vqp9TzUnJvk
Comptines des saisons,Saisons en chanson! - HIVER,https://www.youtube.com/watch?v=0dHp3Ncx_UM
Comptines des saisons,Vive le vent d'hiver (chanson de No√´l pour petits avec paroles),https://www.youtube.com/watch?v=V-PD5iz7qdE
Comptines des saisons,"L'hiver, la neige et le ski + 45 min de comptines b√©b√© Titounis",https://www.youtube.com/watch?v=K7q3mb9J9lw
Comptines des saisons,Les saisons (comptine √† gestes avec paroles) ‚íπ‚ìî‚ì•‚ìê Chanson b√©b√©s,https://www.youtube.com/watch?v=-dYm2Q2Yhp8
Comptines des saisons,C'est l'Hiver,https://www.youtube.com/watch?v=iaUHWIJWGmo
Comptines des saisons,LA NEIGE | Chansons pour enfants | Les comptines | Minidisco,https://www.youtube.com/watch?v=2QSFHEgkLVM
Comptines des saisons,"Bonhomme de neige, chanson de l'hiver avec R√©mi",https://www.youtube.com/watch?v=JxBzRA4iICQ
Comptines des saisons,l'hiver il neige l'hiver il pleut ‚ùÑÔ∏è chanson d'hiver avec les paroles et karaok√©,https://www.youtube.com/watch?v=5NbS70ZTN8k
Comptines des saisons,Chanson pour les enfants l'hiver,https://www.youtube.com/watch?v=mFQjNUP2CJs
Comptines des saisons,SI LE LOUP AIMAIT L'HIVER comptine pour b√©b√© & maternelle,https://www.youtube.com/watch?v=ZSbnoBjY5ow
Comptines des saisons,Une Souris Verte üêÅüåøüåøüåø Les Comptines de Gabriel,https://www.youtube.com/watch?v=2rt2g_afiAg
Comptines des saisons,L'hiver. Comptine anim√©e.,https://www.youtube.com/watch?v=xAI3iHq-E_o
Comptines des saisons,LA NEIGE | Chansons pour enfants | Les comptines | Minidisco,https://www.youtube.com/watch?v=37oWD8MYul0
Comptines des saisons,"50min de Comptines avec gestes et Chansons pour b√©b√© (Petit escargot, Alouette, Pirouette ...)",https://www.youtube.com/watch?v=PPtZ0bqBrEc
Comptines des saisons,DANS MON PAYS D HIVER  - comptine d'hiver gratuite,https://www.youtube.com/watch?v=jT878rm__fA
Comptines des saisons,C‚Äôest l‚Äôhiver | Comptines avec B√©b√© Louis | Little Angel Fran√ßais,https://www.youtube.com/watch?v=yPTJQ4R_Ez4
Comptines des saisons,Mon Petit Lapin a bien du Chagrin,https://www.youtube.com/watch?v=CVWWEtYrffE
Comptines de No√´l,Petit Papa No√´l - 25min de chansons et comptines de No√´l pour petits (en fran√ßais et en anglais!),https://www.youtube.com/watch?v=LLB3yhrXuAg
Comptines de No√´l,Chansons et comptines de No√´l - Monde des Titounis 40min - Compilation,https://www.youtube.com/watch?v=h5g9AT0VCd4
Comptines de No√´l,Vive le vent | Comptines de No√´l avec B√©b√© Louis,https://www.youtube.com/watch?v=huDyR4e0gf8
Comptines de No√´l,Petit P√®re No√´l - Chansons et comptines de No√´l pour b√©b√©s - Titounis,https://www.youtube.com/watch?v=GzBVfL1Qdgs
Comptines de No√´l,Mbotama ya muana - Comptine congolaise pour les petits,https://www.youtube.com/watch?v=zJDSpnQ3778
Comptines de No√´l,DANS SON MANTEAU ROUGE ET BLANC PETIT GAR√áON,https://www.youtube.com/watch?v=WIgvcWWfxiI
Comptines de No√´l,Danse de No√´l - Chansons et comptines de No√´l pour b√©b√©s,https://www.youtube.com/watch?v=0Ki22BS1x8c
Comptines de No√´l,B√©b√© Louis d√©core pour No√´l | Chansons de No√´l pour Enfants,https://www.youtube.com/watch?v=j19DXfTGs3k
Comptines de No√´l,Comptines de No√´l - Les Patapons,https://www.youtube.com/watch?v=JecwxnKq8js
Comptines de No√´l,"50min de Comptines avec gestes et Chansons pour b√©b√© (Petit escargot, Alouette, Pirouette ...)",https://www.youtube.com/watch?v=PPtZ0bqBrEc
Comptines de No√´l,Chansons et comptines de No√´l pour enfants | Je te souhaite un Joyeux No√´l,https://www.youtube.com/watch?v=hNvaCjyLpKg
Comptines de No√´l,LE PETIT RENNE AU NEZ ROUGE chansons et comptines de no√´l pour b√©b√© et maternelles,https://www.youtube.com/watch?v=ZvhM29NzpFc
Comptines de No√´l,"Pirouette, cacahu√®te - Il √©tait un petit homme",https://www.youtube.com/watch?v=9Rz8gTYEtx4
Comptines de No√´l,Petit Papa No√´l (chanson de No√´l pour petits avec paroles),https://www.youtube.com/watch?v=sGlXYeiCz_4
Comptines de No√´l,Comptines de No√´l,https://www.youtube.com/watch?v=rNnw9e3R2nc
Comptines de No√´l,Compilation des plus belles chansons de No√´l | Petit papa No√´l etc.,https://www.youtube.com/watch?v=hFIXdOQRYFs
Comptines de No√´l,Promenons-nous dans les bois,https://www.youtube.com/watch?v=KrLuJchq294
Comptines de No√´l,Vive le vent d'hiver (chanson de No√´l pour petits avec paroles),https://www.youtube.com/watch?v=V-PD5iz7qdE
Comptines de No√´l,Une Souris Verte üêÅüåøüåøüåø Les Comptines de Gabriel,https://www.youtube.com/watch?v=2rt2g_afiAg
Comptines de No√´l,Vive le Vent + Chansons de No√´l pour enfants | Little Angel Fran√ßais,https://www.youtube.com/watch?v=Wuyl8inLgJI
Comptines des saisons,PRINTEMPS | Chansons pour enfants | Les comptines | Minidisco,https://www.youtube.com/watch?v=5bop3ezTS-A
Comptines des saisons,Oh Printemps I Chanson pour enfants I Festif üéâ,https://www.youtube.com/watch?v=XlguBcRaA1k
Comptines des saisons,Henri D√®s - C'est le Printemps,https://www.youtube.com/watch?v=WlozvEioTGQ
Comptines des saisons,Saisons en chanson! - PRINTEMPS,https://www.youtube.com/watch?v=oIdtkpznIIU
Comptines des saisons,C'est le printemps - Les Amis de Boubi (Comptines pour enfants),https://www.youtube.com/watch?v=pkRX2668f3s
Comptines des saisons,"Vole, vole, vole papillon - Comptine avec gestes pour enfants et b√©b√©s",https://www.youtube.com/watch?v=1kq88XtHOEA
Comptines des saisons,Chansons des Maternelles - Les Patapons,https://www.youtube.com/watch?v=Rhn5MwrDGZ4
Comptines des saisons,"Comptine ""Le printemps"" chanson",https://www.youtube.com/watch?v=Kar4VLUEiXA
Comptines des saisons,Henri D√®s chante - C'est le printemps - chanson pour enfants,https://www.youtube.com/watch?v=Robs0s4S-Yg
Comptines des saisons,60 minutes de chansons avec Pinpin et Lili,https://www.youtube.com/watch?v=bSuEgtWfNRI
Comptines des saisons,C'est le Printemps,https://www.youtube.com/watch?v=ezaxqgsOVb8
Comptines des saisons,La ronde des l√©gumes,https://www.youtube.com/watch?v=LsHPQsxIZjM
Comptines des saisons,The vegetables. Songs for kids,https://www.youtube.com/watch?v=NTPQJUugCJM
Comptines des saisons,La chanson du printemps,https://www.youtube.com/watch?v=clhp-5_DfPc
Comptines des saisons,COMPTINES VITAMIN√âES POUR LE PRINTEMPS des maternelles,https://www.youtube.com/watch?v=vmcBl1KmPsA
Comptines des saisons,1 Heure de Comptines pour les Enfants - Promenons-Nous Dans Les Bois - Le Monde des Zibous,https://www.youtube.com/watch?v=QwiC52DhA54
Comptines des saisons,Comptines pour les Maternelles - Les Patapons,https://www.youtube.com/watch?v=mobgX7GV8OE
Comptines des saisons,Petit printemps,https://www.youtube.com/watch?v=3g-1gv1suhs
Comptines des saisons,Les saisons (comptine √† gestes avec paroles) ‚íπ‚ìî‚ì•‚ìê Chanson b√©b√©s,https://www.youtube.com/watch?v=-dYm2Q2Yhp8
Comptines des saisons,C'est le printemps,https://www.youtube.com/watch?v=5iRw3vXmeDU
Comptines pour apprendre,Apprendre en s'amusant ;) - Chansons pour Maternelles - Les Patapons,https://www.youtube.com/watch?v=mb-5sbzU34U
Comptines pour apprendre,"50min de Comptines avec gestes et Chansons pour b√©b√© (Petit escargot, Alouette, Pirouette ...)",https://www.youtube.com/watch?v=PPtZ0bqBrEc
Comptines pour apprendre,bob le train | aventure des alphabets | apprendre abc en fran√ßais | Bob Train | Alphabet Adventure,https://www.youtube.com/watch?v=itVqQbgT3P4
Comptines pour apprendre,Mon b√©b√© - Comptines et chansons pour les petits - Titounis,https://www.youtube.com/watch?v=98DS22rnA-o
Comptines pour apprendre,Les chiffres en chanson - Comptines pour apprendre √† compter aux b√©b√©s - Titounis,https://www.youtube.com/watch?v=IQY_rk0o29Y
Comptines pour apprendre,La chanson de l'alphabet - M√©li et Touni,https://www.youtube.com/watch?v=mydYJMq3PV0
Comptines pour apprendre,Comptines pour les Maternelles - Les Patapons,https://www.youtube.com/watch?v=mobgX7GV8OE
Comptines pour apprendre,"Les pays du monde - Maroc, Br√©sil, Canada, Italie, Inde - Comptines pour apprendre les pays",https://www.youtube.com/watch?v=JxWB5kfbjmM
Comptines pour apprendre,Apprendre a compter avec les Titounis !,https://www.youtube.com/watch?v=zqPs8uKpsRQ
Comptines pour apprendre,Comptines pour enfants - La Table de 6 (apprendre les tables de multiplication),https://www.youtube.com/watch?v=2D_2knjJk4A
Comptines pour apprendre,1 Heure de Comptines pour les Enfants - Promenons-Nous Dans Les Bois,https://www.youtube.com/watch?v=QwiC52DhA54
Comptines pour apprendre,Apprendre les fruits en fran√ßais - Titounis D√©couverte - Dessin anim√© et comptines,https://www.youtube.com/watch?v=KOYONV1GjrI
Comptines pour apprendre,Petit escargot - Comptines pour b√©b√© - Titounis,https://www.youtube.com/watch?v=HGA-KW54K1I
Comptines pour apprendre,Apprendre la propret√© - Le Petit Pot - Comptines pour B√©b√© | Little Angel Fran√ßais,https://www.youtube.com/watch?v=7bYLtpMl5R4
Comptines pour apprendre,Sons d'animaux pour b√©b√© | Les animaux pour enfants | HeyKids - Chansons pour b√©b√©,https://www.youtube.com/watch?v=6BLZezhhK04
Comptines pour apprendre,L'alphabet | Chansons pour b√©b√©s,https://www.youtube.com/watch?v=P9HRSznVfOA
Comptines pour apprendre,Les animaux - Comptines et chansons pour apprendre le cris des animaux - Titounis,https://www.youtube.com/watch?v=t1s4lgC7xNo
Comptines pour apprendre,La Table de 7 (apprendre les tables de multiplication),https://www.youtube.com/watch?v=j5fu47VjQhw
Comptines pour apprendre,Fanny la fourmi - Comptine pour apprendre les notes de musique,https://www.youtube.com/watch?v=UT9PPiqIBzY
Comptines pour apprendre,Je connais mon alphabet | Comptines pour les tout-petits,https://www.youtube.com/watch?v=aGMT6FpvP_g


